[URI ERROR] - 28.07.2014 17:07:55;/Tester/trost/runbnnm?test=trostbflmpsvz123465;1406562955;::1;::1;28.07.2014 17:07:55;test=trostbflmpsvz123465
[URI ERROR] - 28.07.2014 17:07:06;/Tester/trost/run?test=trostbflmpsvz123465;1406562966;::1;::1;28.07.2014 17:07:06;test=trostbflmpsvz123465
[URI ERROR] - 28.07.2014 17:07:14;/tester/trost/rubnnm?test=trostbflmpsvz123465;1406563094;::1;::1;28.07.2014 17:07:14;test=trostbflmpsvz123465
[URI ERROR] - 28.07.2014 18:07:00;/tester/trost/rubnnm?test=trostbflmpsvz123465;1406563260;::1;::1;28.07.2014 18:07:00;test=trostbflmpsvz123465
[URI ERROR] - 28.07.2014 18:07:34;/tester/trost/rubnnm?test=trostbflmpsvz123465;1406563834;::1;::1;28.07.2014 18:07:34;test=trostbflmpsvz123465
[URI ERROR] - 28.07.2014 18:07:21;/tester/trost/rubnnm?test=trostbflmpsvz123465;1406564421;::1;::1;28.07.2014 18:07:21;test=trostbflmpsvz123465
[URI ERROR] - 28.07.2014 18:07:05;/tester/trost/rubnnm?test=trostbflmpsvz123465;1406564765;::1;::1;28.07.2014 18:07:05;test=trostbflmpsvz123465
[URI ERROR] - 28.07.2014 18:07:27;/tester/trost/rubnnm?test=trostbflmpsvz123465;1406565327;::1;::1;28.07.2014 18:07:27;test=trostbflmpsvz123465
[URI ERROR] - 28.07.2014 20:07:50;/tester/trost/TestExcel.php?test=trostbflmpsvz123465bflmpsvz123465aaaa;1406571110;::1;::1;28.07.2014 20:07:50;test=trostbflmpsvz123465bflmpsvz123465aaaa
[URI ERROR] - 28.07.2014 20:07:06;/tester/trost/TestExcel.php?test=trostbflmpsvz123465bflmpsvz123465aaaa;1406571126;::1;::1;28.07.2014 20:07:06;test=trostbflmpsvz123465bflmpsvz123465aaaa
[URI ERROR] - 28.07.2014 23:07:41;/tester/trost/rubnnm?test=trostbflmpsvz123465;1406583821;::1;::1;28.07.2014 23:07:41;test=trostbflmpsvz123465
[URI ERROR] - 13.11.2015 14:11:50;/tester/trost/rubnnm?test=trostbflmpsvz123465;1447421210;::1;::1;13.11.2015 14:11:50;test=trostbflmpsvz123465
